{
  "name": "Token list",
  "timestamp": "2024-06-25T02:06:50.670009514Z",
  "version": {
    "major": 5,
    "minor": 1,
    "patch": 10
  },
  "tags": {
    "bases": {
      "name": "Common Bases",
      "description": "Commonly used trading bases"
    }
  },
  "logoURI": "localhost:/images/home/tokenLogo.png",
  "keywords": ["default"],
  "tokens": [
    {
    "name": "nAI",
    "address": "0x53788c75206c3BD55b2304d627C1fF89dc58b02C",
    "symbol": "nAI",
    "decimals": 18,
    "disable": false,
    "chainId": 7256,
    "logoURI": "localhost:/images/token/nai.png"
    },
    {
      "name": "Wrapped nUSDT",
      "address": "0xE623AED6b4dAf04553B8fEe8daECCF1cfaAece37",
      "symbol": "nUSDT",
      "decimals": 6,
      "disable": false,
      "chainId": 7256,
      "logoURI": "localhost:/images/token/nusdt.png"
    },
    {
      "name": "Wrapped wNOVAI",
      "address": "0x2Ab2b37CfB556fE54f9d1B91A8dA8066d0fa3226",
      "symbol": "wNOVAI",
      "decimals": 18,
      "disable": false,
      "chainId": 7256,
      "logoURI": "localhost:/images/token/novai.svg"
    }
  ]
}
