{
  "Output is estimated": "Output is estimated. If the price changes by more than {{ allowedSlippage }}% your transaction will revert",
  "Connect Wallet": "Connect Wallet",
  "Insufficient": "Insufficient",
  "selectTokenTip": "Find a token by searching for its name or symbol or by pasting its address below",
  "Token Name": "Token Name",
  "Token From": "From",
  "Token From (estimated)": "From (estimated)",
  "Token To": "To",
  "Token To (estimated)": "To (estimated)",
  "noWallet": "No Ethereum wallet found",
  "wrongNetwork": "You are on the wrong network",
  "switchNetwork": "Please switch to {{ correctNetwork }}",
  "installWeb3MobileBrowser": "PleInvalid recipientase visit us from a web3-enabled mobile browser such as Trust Wallet or Coinbase Wallet",
  "installMetamask": "Please visit us after installing Metamask on Chrome or Brave",
  "disconnected": "Disconnected",
  "Disconnect": "Disconnect",
  "SwitchNetWrokSuccess": "Switch to NovaiChain successfully",
  "swap": "Swap",
  "swapAnyway": "Swap Anyway",
  "send": "Send",
  "sendAnyway": "Send Anyway",
  "pool": "Pool",
  "Pool Found!": "Pool Found!",
  "betaWarning": "This project is in beta. Use at your own risk",
  "input": "Input",
  "output": "Output",
  "estimated": "estimated",
  "balance": "Balance: {{ balanceInput }}",
  "unlock": "Unlock",
  "pending": "Pending",
  "selectToken": "Select a token",
  "searchOrPaste": "Search Token Name, Symbol, or Address",
  "searchOrPasteMobile": "Name, Symbol, or Address",
  "noExchange": "No Exchange Found",
  "noToken": "No Token Found",
  "exchangeRate": "Exchange Rate",
  "unknownError": "Oops! An unknown error occurred. Please refresh the page, or visit from another browser or device",
  "enterValueCont": "Enter a {{ missingCurrencyValue }} value to continue",
  "selectTokenCont": "Select a token to continue",
  "noLiquidity": "No liquidity",
  "noLiquidityFound": "No liquidity found",
  "No pool found": "No pool found",
  "Create pool": "Create pool",
  "Don't see a pool you joined": "Don't see a pool you joined?",
  "Import it": "Import it",
  "You don’t have liquidity in this pool yet": "You don’t have liquidity in this pool yet",
  "insufficientLiquidity": "Insufficient liquidity",
  "unlockTokenCont": "Please unlock token to continue",
  "transactionDetails": "Advanced Details",
  "hideDetails": "Hide Details",
  "slippageWarning": "Slippage Warning",
  "highSlippageWarning": "High Slippage Warning",
  "youAreSelling": "You are selling",
  "orTransFail": "or the transaction will fail",
  "youWillReceive": "You will receive at least",
  "youAreBuying": "You are buying",
  "itWillCost": "It will cost at most",
  "forAtMost": "for at most",
  "insufficientBalance": "Insufficient Balance",
  "inputNotValid": "Not a valid input value",
  "differentToken": "Must be different token",
  "noRecipient": "Enter a wallet address to send to",
  "invalidRecipient": "Please enter a valid wallet address recipient",
  "recipientAddress": "Recipient Address",
  "youAreSending": "You are sending",
  "willReceive": "will receive at least",
  "to": "to",
  "addLiquidity": "Add Liquidity",
  "Add Liquidity Tip": "When you add liquidity, you are given pool tokens representing your position. These tokens automatically earn fees proportional to your share of the pool, and can be redeemed at any time",
  "Remove Liquidity Tip": "Removing pool tokens converts your position back into underlying tokens at the current rate, proportional to your share of the pool. Accrued fees are included in the amounts you receive",
  "Import Pool": "Import Pool",
  "Import Pool Tip": "Use this tool to find pairs that don't automatically appear in the interface",
  "Your Liquidity": "Your Liquidity",
  "When you add liquidity tip": "When you add liquidity, you are given pool tokens that represent your share. If you don’t see a pool you joined in this list, try importing a pool below",
  "Connect wallet liquidity": "Connect to a wallet to view your liquidity",
  "Connect to a wallet to find pools": "Connect to a wallet to find pools",
  "Select a token to find your liquidity": "Select a token to find your liquidity",
  "deposit": "Deposit",
  "currentPoolSize": "Current Pool Size",
  "yourPoolShare": "Your Pool Share",
  "noZero": "Amount cannot be zero",
  "mustBeETH": "One of the input must be ETH",
  "enterCurrencyOrLabelCont": "Enter a {{ inputCurrency }} or {{ label }} value to continue",
  "youAreAdding": "You are adding",
  "and": "and",
  "intoPool": "into the liquidity pool",
  "outPool": "from the liquidity pool",
  "youWillMint": "You will mint",
  "liquidityTokens": "liquidity tokens",
  "totalSupplyIs": "Current total supply of liquidity tokens is",
  "youAreSettingExRate": "You are setting the initial exchange rate to",
  "totalSupplyIs0": "Current total supply of liquidity tokens is 0",
  "tokenWorth": "At current exchange rate, each pool token is worth",
  "firstLiquidity": "You are the first person to add liquidity!",
  "initialExchangeRate": "The initial exchange rate will be set based on your deposits. Please make sure that your ETH and {{ label }} deposits have the same fiat value",
  "removeLiquidity": "Remove Liquidity",
  "poolTokens": "Pool Tokens",
  "enterLabelCont": "Enter a {{ label }} value to continue",
  "youAreRemoving": "You are removing between",
  "youWillRemove": "You will remove",
  "createExchange": "Create Exchange",
  "invalidTokenAddress": "Not a valid token address",
  "exchangeExists": "{{ label }} Exchange already exists!",
  "invalidSymbol": "Invalid symbol",
  "invalidDecimals": "Invalid decimals",
  "Invalid pair": "Invalid pair",
  "tokenAddress": "Token Address",
  "label": "Label",
  "name": "Name",
  "symbol": "Symbol",
  "decimals": "Decimals",
  "enterTokenCont": "Enter a token address to continue",
  "priceChange": "Expected price slippage",
  "forAtLeast": "for at least ",
  "brokenToken": "The selected token is not compatible with Novaiswap V1. Adding liquidity will result in locked funds",
  "toleranceExplanation": "Lowering this limit decreases your risk of frontrunning. However, this makes more likely that your transaction will fail due to normal price movements",
  "tokenSearchPlaceholder": "Search name or paste address",
  "Enter a recipient": "Enter a recipient",
  "Enter an amount": "Enter an amount",
  "Invalid recipient": "Invalid recipient",
  "Chart": "Chart",

  "Stats": "Stats",
  "TVL": "Swap TVL",
  "Market cap": "Swap Market cap",
  "FDV": "FDV",
  "1 day volume": "1 day volume",
  "Transactions": "Transactions",
  "TableTime": "Time",
  "TableType": "Type",
  "Table$title": "${{title}}",
  "TableFor": "For",
  "TableUSD": "USD",
  "TableWallet": "Wallet",
  "TableBuy": "Buy",
  "TableSell": "Sell",
  "days ago": "{{num}} days ago",
  "hours ago": "{{num}} hours ago",
  "minutes ago": "{{num}} minutes ago",
  "seconds ago": "{{num}} seconds ago",
  "Novai Chain is a next-generation Layer 1 AI public blockchain": "Novai Chain is a next-generation Layer 1 AI public blockchain.",
  "About Us": "About Us",
  "Privacy Policy": "Privacy Policy",
  "Terms of Service": "Terms of Service",
  "Services & Support": "Services & Support",
  "Medium": "Medium",
  "Contact Us": "Contact Us",
  "Resources": "Resources",
  "Novaichain Introduce": "Novaichain Introduce",
  "Novaichain Whitepaper": "Novaichain Whitepaper",
  "Loading": "Loading...",
  "Exchange": "Exchange",
  "Confirm": "Confirm",
  "explore.uniswapTVL": "Uniswap TVL",
  "explore.uniswuniVolumeapTVL": "Uniswap Volume",
  "explore.unableToDisplayHistorical": "Unable to display historical volume data for the current chain.",
  "explore.unableToDisplayHistoricalTVL": "Unable to display historical TVL data for the current chain.",
  "common.tokens": "Tokens",
  "common.pools": "Pools",
  "common.transactions": "Transactions",
  "tokens.table.search.placeholder.pools": "Search pools",
  "tokens.table.search.placeholder.tokens": "Search tokens",
  "tokens.table.search.placeholder.transactions": "Search transactions",
  "common.tokenName": "Token name",
  "common.price": "Price",
  "common.volume": "Volume",
  "common.oneDay": "1 day",
  "common.oneHour": "1 hour",
  "common.oneMonth": "1 month",
  "common.oneWeek": "1 week",
  "common.oneYear": "1 year",
  "stats.fdv": "FDV",
  "common.totalValueLocked": "TVL",
  "pool.apr": "APR",
  "pool.volOverTvl": "1D vol/TVL",
  "stats.volume.1d": "1 day volume",
  "stats.volume.1d.long": "1D volume",
  "pool.volume.thirtyDay": "30 day volume",
  "common.time": "Time",
  "common.type.label": "Type",
  "common.tokenAmount": "Token amount",
  "common.wallet.label": "Wallet",
  "common.assemble": "assemble",
  "common.protocol": "Protocol",
  "common.fees": "费用",
  "loading": "加载中..."

}
