{
  "On": "开启",
  "Off": "关闭",
  "Insufficient NOVAI balance": "NOVAI 余额不足",
  "Insufficient WNOVAI balance": "WNOVAI 余额不足",
  "Close": "关闭",
  "recipient": "收款人",
  "copy address": "复制地址",
  "recent transactions": "最近交易",
  "your transactions will appear here": "您的交易将显示在这里",
  "connected with": "连接方式",
  "show Portis": "显示Portis",
  "account": "账户",
  "disconnect": "断开连接",
  "clear all": "清除所有",
  "Waiting For Confirmation": "等待确认",
  "Transaction Submitted": "交易已提交",
  "Confirm this transaction in your wallet": "在您的钱包中确认此交易",
  "View on NovaiScan": "在 NovaiScan 上查看",
  "Error": "错误",
  "Dismiss": "关闭",
  "Input": "输入",
  "Output": "输出",
  "Confirm": "确认",
  "Burned": "销毁",
  "Insufficient liquidity for this trade": "此交易的流动性不足",
  "Price Impact High": "价格影响较大",
  "Price Impact Too High": "价格影响过高",
  "Anyway": "无论如何",
  "Swap": "兑换",
  "Wrap": "封装",
  "Unwrap": "解封",
  "Add a send (optional)": "添加发送（可选）",
  "Approved": "已批准",
  "Approve": "批准",
  "Pooled": "已汇集",
  "Your position": "您的持仓",
  "Your pool tokens": "您的池代币",
  "Your pool share": "您的池份额",
  "View pool information": "查看池信息",
  "Add": "添加",
  "Remove": "移除",
  "Receive WNOVAI": "接收 WNOVAI",
  "Receive NOVAI": "接收 NOVAI",
  "Amount": "金额",
  "Simple": "简单",
  "Detailed": "详细",
  "Please type the word \"confirm\" to enable expert mode": "请键入单词 \"confirm\" 以启用专家模式",
  "Are you sure": "你确定吗",
  "Expert mode turns off the confirm transaction prompt and allows high slippage trades that often result in bad rates and lost funds": "专家模式关闭确认交易提示，并允许高滑点交易，这常常导致糟糕的汇率和资金损失",
  "ONLY USE THIS MODE IF YOU KNOW WHAT YOU ARE DOING": "只有在您知道自己在做什么的情况下才使用此模式",
  "Turn On Expert Mode": "打开专家模式",
  "Transaction Settings": "交易设置",
  "Slippage tolerance": "滑点容忍度",
  "Your transaction will revert if the price changes unfavorably by more than this percentage": "如果价格不利变化超过此百分比，您的交易将撤销",
  "Transaction deadline": "交易期限",
  "minutes": "分钟",
  "Your transaction will revert if it is pending for more than this long": "如果交易挂起时间超过此时长，您的交易将撤销",
  "Interface Settings": "界面设置",
  "Toggle Expert Mode": "切换专家模式",
  "Toggle Dark Mode": "切换暗黑模式",
  "Bypasses confirmation modals and allows high slippage trades. Use at your own risk": "绕过确认模态窗口并允许高滑点交易，自行承担风险",
  "Enter a valid slippage percentage": "输入有效的滑点百分比",
  "Your transaction may fail": "您的交易可能会失败",
  "Your transaction may be frontrun": "您的交易可能会被前置交易",
  "Connect Wallet": "链接钱包",
  "Insufficient": "资金不足",
  "Insufficient balance": "余额不足",
  "selectTokenTip": "通过搜索名称或符号或粘贴地址来查找代币",
  "Common bases": "通用的基础代币",
  "Token Name": "代币名称",
  "Token From": "卖",
  "Token From (estimated)": "卖(估计)",
  "Token To": "买",
  "Token To (estimated)": "买(估计)",
  "Minimum received": "最小收到",
  "Maximum sold": "最大销售",
  "Price Impact": "价格影响",
  "Liquidity Provider Fee": "流动性提供者费用",
  "Swap Anyway": "仍然交易",
  "Confirm Swap": "确认交易",
  "Remove send": "移除发送",
  "The difference between the market price and your price due to trade size": "由于交易规模，市场价格与您的价格之间的差异",
  "A portion of each trade (0.30%) goes to liquidity providers as a protocol incentive": "每笔交易的一部分（0.30%）作为协议激励支付给流动性提供者",
  "Your transaction will revert if there is a large, unfavorable price movement before it is confirmed": "如果在确认之前出现大幅不利的价格波动，您的交易将回滚",
  "These tokens are commonly paired with other tokens": "这些代币通常与其他代币配对",
  "noWallet": "未发现以太钱包",
  "wrongNetwork": "网络错误",
  "switchNetwork": "请切换到 {{ correctNetwork }}",
  "installWeb3MobileBrowser": "请从支持web3的移动端浏览器，如 Trust Wallet 或 Coinbase Wallet 访问",
  "installMetamask": "请从安装了 Metamask 插件的 Chrome 或 Brave 访问",
  "disconnected": "未连接",
  "Disconnect": "断开",
  "swap": "兑换",
  "send": "发送",
  "pool": "资金池",
  "Pool Found!": "池子找到了！",
  "betaWarning": "项目尚处于beta阶段，使用需自行承担风险",
  "input": "输入",
  "output": "输出",
  "estimated": "估计",
  "balance": "余额: {{ balanceInput }}",
  "unlock": "解锁",
  "pending": "处理中",
  "selectToken": "选择代币",
  "searchOrPaste": "搜索代币或粘贴地址",
  "noExchange": "未找到交易所",
  "exchangeRate": "兑换率",
  "enterValueCont": "输入{{ missingCurrencyValue }}值并继续",
  "selectTokenCont": "选取代币继续",
  "noLiquidity": "没有流动性",
  "noLiquidityFound": "未发现流动性",
  "No pool found": "未找到流动池",
  "Create pool": "创建流动池",
  "Don't see a pool you joined": "没有看到您加入的流动池?",
  "Import it": "导入它",
  "You don’t have liquidity in this pool yet": "你目前在这个池子里还没有提供流动性",
  "unlockTokenCont": "请解锁代币并继续",
  "transactionDetails": "交易明细",
  "hideDetails": "隐藏明细",
  "youAreSelling": "你正在出售",
  "orTransFail": "或交易失败",
  "youWillReceive": "你将至少收到",
  "youAreBuying": "你正在购买",
  "itWillCost": "它将至少花费",
  "insufficientBalance": "余额不足",
  "inputNotValid": "无效的输入值",
  "differentToken": "必须是不同的代币",
  "noRecipient": "输入接收钱包地址",
  "invalidRecipient": "请输入有效的收钱地址",
  "recipientAddress": "接收地址",
  "youAreSending": "你正在发送",
  "willReceive": "将至少收到",
  "to": "至",
  "addLiquidity": "添加流动性",
  "Add Liquidity Tip": "当您添加流动性时，系统会为您提供代表您持仓的池子代币，这些代币会根据您在池子中的份额自动赚取手续费，并且随时可以兑换",
  "Remove Liquidity Tip": "移除池子代币会将您的持仓按照当前池子份额的比例转换回基础代币，累积的手续费会包含在您收到的金额中",
  "Import Pool": "导入流动池",
  "Import Pool Tip": "使用此工具查找在界面中不会自动显示的交易对",
  "Your Liquidity": "您的流动资金",
  "When you add liquidity tip": "当你添加流动性时，你会收到代表你份额的池子代币，如果你在这个列表中没看到你加入的池，你可以尝试导入下方的池子",
  "Connect wallet liquidity": "连接钱包以查看您的流动性",
  "Connect to a wallet to find pools": "连接钱包来查找池子",
  "Select a token to find your liquidity": "选择一个代币来查看你的流动性份额，如果你在列表中找不到，请尝试导入你参与的池子",
  "deposit": "存入",
  "Deposited": "存入",
  "Rates": "汇率",
  "Share of Pool": "份额比例",
  "Create Pool & Supply": "创建池并供应",
  "Confirm Supply": "确认供应",
  "Pool Tokens": "池代币",
  "Output is estimated Tip": "输出是预估的，如果价格变动超过 {{ allowedSlippage }}%，您的交易将回滚",
  "per": "对",
  "Supplying": "供应中",
  "You are creating a pool": "您正在创建一个池",
  "You will receive": "您将收到",
  "You are the first liquidity provider": "您是第一个流动性提供者",
  "The ratio of tokens you add will set the price of this pool": "您添加的代币比例将决定此池的价格",
  "Once you are happy with the rate click supply to review": "一旦您满意汇率，请点击供应以查看",
  "and pool share": "和池份额",
  "Approving": "批准中",
  "Supply": "供应",
  "Initial prices": "初始价格",
  "Price": "价格",
  "Prices": "价格",
  "currentPoolSize": "当前资金池大小",
  "yourPoolShare": "你的资金池份额",
  "noZero": "金额不能为零",
  "mustBeETH": "输入中必须有一个是 NOVAI",
  "enterCurrencyOrLabelCont": "输入 {{ inputCurrency }} 或 {{ label }} 值并继续",
  "youAreAdding": "你将添加",
  "and": "和",
  "intoPool": "入流动资金池",
  "outPool": "出流动资金池",
  "youWillMint": "你将铸造",
  "liquidityTokens": "流动代币",
  "totalSupplyIs": "当前流动代币的总量是",
  "youAreSettingExRate": "你将初始兑换率设置为",
  "totalSupplyIs0": "当前流动代币的总量是0",
  "tokenWorth": "当前兑换率下，每个资金池代币价值",
  "firstLiquidity": "你是第一个添加流动金的人！",
  "initialExchangeRate": "初始兑换率将由你的存入情况决定，请确保你存入的 NOVAI 和 {{ label }} 具有相同的总市值",
  "removeLiquidity": "删除流动性",
  "poolTokens": "资金池代币",
  "enterLabelCont": "输入 {{ label }} 值并继续",
  "youAreRemoving": "你正在移除",
  "youWillRemove": "你将移除",
  "createExchange": "创建交易所",
  "invalidTokenAddress": "代币地址无效",
  "exchangeExists": "{{ label }} 交易所已存在！",
  "invalidSymbol": "代币符号无效",
  "invalidDecimals": "小数位数无效",
  "Invalid pair": "无效的交易对",
  "tokenAddress": "代币地址",
  "label": "代币符号",
  "decimals": "小数位数",
  "enterTokenCont": "输入代币地址并继续",
  "priceChange": "预期价格滑点",
  "forAtLeast": "至少为 ",
  "brokenToken": "所选代币与Novaiswap V1不兼容，添加流动性将导致资金被锁定",
  "toleranceExplanation": "降低此限制可减少前跑风险，但是，这会增加由于正常价格波动导致交易失败的可能性",
  "tokenSearchPlaceholder": "搜索名称或粘贴地址",
  "Enter a recipient": "输入接收者",
  "Enter an amount": "输入金额",
  "Invalid recipient": "无效的收件人",
  "Chart": "图表",

  "Stats": "统计数据",
  "TVL": "Swap总锁仓量",
  "Market cap": "Swap总市值",
  "FDV": "全稀释估值",
  "1 day volume": "一天交易量",
  "Transactions": "交易",
  "TableTime": "时间",
  "TableType": "类型",
  "Table$title": "${{title}}",
  "TableFor": "相当于",
  "TableUSD": "USD",
  "TableWallet": "钱包",
  "TableBuy": "购买",
  "TableSell": "出售",
  "days ago": "{{num}}天前",
  "hours ago": "{{num}}小时前",
  "minutes ago": "{{num}}分钟前",
  "seconds ago": "{{num}}秒前",
  "A Bitcoin Layer 2 integrating Al and gaming": "融合人工智能和游戏的比特币2层",
  "About Us": "关于我们",
  "Privacy Policy": "隐私协议",
  "Terms of Service": "服务条款",
  "Services & Support": "服务与支持",
  "Medium": "Medium",
  "Contact Us": "联系我们",
  "Resources": "资源",
  "Novaichain Introduce": "Novaichain 介绍",
  "Novaichain Whitepaper": "Novaichain 白皮书",
  "Loading": "加载中...",
  "Exchange": "交换",
  "explore.uniswapTVL": "Uniswap TVL",
  "explore.uniswuniVolumeapTVL": "Uniswap 交易量",
  "explore.unableToDisplayHistorical": "无法显示当前区块链的历史交易量数据。",
  "explore.unableToDisplayHistoricalTVL": "无法显示当前区块链的历史 TVL 数据。",
  "common.tokens": "代币",
  "common.pools": "资金池",
  "common.transactions": "交易",
  "tokens.table.search.placeholder.pools": "搜索资金池",
  "tokens.table.search.placeholder.tokens": "搜索代币",
  "tokens.table.search.placeholder.transactions": "搜索交易",
  "common.uniswapTVL": "Uniswap TVL",
  "common.tokenName": "代币名称",
  "common.price": "价格",
  "common.volume": "交易量",
  "common.oneDay": "1 天",
  "common.oneHour": "1 小时",
  "common.oneMonth": "1 个月",
  "common.oneWeek": "1 周",
  "common.oneYear": "1 年",
  "stats.fdv": "FDV",
  "common.totalValueLocked": "TVL",
  "pool.apr": "年化利率",
  "pool.volOverTvl": "1 天交易量/TVL",
  "stats.volume.1d": "1 天交易量",
  "stats.volume.1d.long": "1 日交易量",
  "pool.volume.thirtyDay": "30 天交易量",
  "common.time": "时间",
  "common.type.label": "类型",
  "common.tokenAmount": "代币数量",
  "common.wallet.label": "钱包",
  "common.assemble": "总",
  "common.protocol": "协议",
  "common.fees": "費用",
  "Bridge": "跨链桥",
  "loading": "加载中..."
}
